episodio,pasos,recompensa
1,18,88.81995
2,45,136.93831
3,65,100.95162
4,106,197.15524
5,142,168.96582
6,163,104.17615
7,191,143.86484
8,226,170.13539
9,244,90.759926
10,269,129.68991
11,287,90.05826
12,323,180.52289
13,341,90.02633
14,375,174.56863
15,392,83.35553
16,415,117.78568
17,437,112.319595
18,465,144.26524
19,494,146.78291
20,517,115.98015
21,550,169.68544
22,590,207.10326
23,606,78.21488
24,627,104.6491
25,646,93.97351
26,668,112.13967
27,691,116.059875
28,720,153.5207
29,746,133.8179
30,766,100.436325
31,784,89.08918
32,810,131.43073
33,832,112.255035
34,849,83.57852
35,867,88.836
36,884,83.31568
37,908,125.13593
38,927,95.043434
39,945,89.14252
40,975,148.41597
41,996,103.27677
42,1014,90.02995
43,1032,89.30086
44,1061,148.32874
45,1080,95.11192
46,1105,127.94507
47,1122,83.08442
48,1151,149.09483
49,1168,83.157234
50,1185,83.56789
51,1204,93.6359
52,1228,119.92882
53,1248,100.708466
54,1265,83.405426
55,1282,83.185356
56,1304,109.98108
57,1321,83.47756
58,1338,83.779854
59,1365,135.9069
60,1386,106.5459
61,1410,122.99262
62,1429,95.178825
63,1449,100.45551
64,1473,121.41143
65,1507,175.69601
66,1525,89.28523
67,1543,89.56538
68,1564,105.632805
69,1603,204.64607
70,1654,268.39905
71,1694,197.41885
72,1718,123.82569
73,1762,209.84659
74,1784,111.52587
75,1816,160.31383
76,1842,134.4429
77,1869,141.54712
78,1896,139.36809
79,1939,206.49773
80,1991,241.39539
81,2023,152.6728
82,2074,263.80386
83,2132,318.80524
84,2207,410.67007
85,2274,363.4467
86,2349,351.40402
87,2421,365.53394
88,2493,376.40213
89,2536,217.64056
90,2599,301.15417
91,2626,132.75098
92,2677,260.16837
93,2754,393.80728
94,2799,235.17809
95,2874,413.14502
96,2922,238.30408
97,2956,179.21484
98,3010,267.5765
99,3065,297.60483
100,3104,206.88681
101,3180,392.13586
102,3244,324.97885
103,3346,493.573
104,3423,397.30432
105,3475,252.1
106,3563,454.61502
107,3628,312.5105
108,3687,281.37708
109,3758,302.41052
110,3833,373.6359
111,3892,312.15286
112,3997,558.59576
113,4079,460.80878
114,4145,312.8846
115,4217,360.02194
116,4288,349.92172
117,4359,327.96515
118,4427,338.58673
119,4499,380.06445
120,4588,440.85834
121,4653,363.31522
122,4714,339.91733
123,4787,405.92352
124,4865,433.45096
125,4922,300.98425
126,4977,304.78354
127,5048,382.86624
128,5129,442.24255
129,5205,406.1878
130,5271,359.58566
131,5343,388.4655
132,5396,286.91473
133,5452,306.65622
134,5513,330.61942
135,5578,295.4719
136,5637,273.3273
137,5683,220.9538
138,5741,270.3299
139,5806,325.26987
140,5879,394.48074
141,5953,386.62372
142,6016,330.10175
143,6071,293.14886
144,6142,354.03183
145,6206,343.06308
146,6305,507.12015
147,6406,488.11697
148,6486,377.78705
149,6577,481.8265
150,6632,247.94221
151,6717,411.57825
152,6781,295.88025
153,6851,348.9463
154,6926,353.28168
155,7004,364.89835
156,7084,352.36374
157,7166,415.04636
158,7233,301.79504
159,7295,289.9304
160,7383,472.2833
161,7455,396.79657
162,7515,295.54648
163,7586,385.12228
164,7661,403.5811
165,7843,902.28
166,7925,435.50446
167,7995,329.92456
168,8069,396.46832
169,8177,584.2083
170,8252,379.9969
171,8318,287.7548
172,8376,302.8866
173,8443,362.93982
174,8501,319.22366
175,8600,512.8336
176,8676,359.88815
177,8743,362.48755
178,8835,466.45288
179,8902,332.06647
180,8982,422.61365
181,9066,443.54883
182,9117,255.04482
183,9198,418.01358
184,9250,248.4151
185,9374,593.3872
186,9464,447.78232
187,9526,301.44333
188,9602,407.9534
189,9704,507.9077
190,9772,366.65756
191,9844,373.34436
192,9896,270.94907
193,9976,413.8489
194,10055,437.35593
195,10127,390.81354
196,10198,383.5386
197,10277,425.40707
198,10347,342.68607
199,10444,517.3366
200,10538,456.5643
201,10604,358.9969
202,10694,467.709
203,10803,555.4119
204,10874,320.76526
205,10955,434.2471
206,11010,295.95004
207,11072,333.70422
208,11154,441.4616
209,11225,368.95636
210,11305,401.94806
211,11378,386.56854
212,11459,407.91208
213,11536,332.74097
214,11604,327.34637
215,11683,423.65076
216,11784,472.5898
217,11848,332.97174
218,11909,330.06247
219,11976,347.70938
220,12036,328.4304
221,12090,289.0765
222,12150,318.8126
223,12205,300.37033
224,12267,334.27182
225,12335,357.21848
226,12434,492.79523
227,12504,379.04486
228,12568,344.0732
229,12637,374.15985
230,12710,374.7965
231,12809,519.0294
232,12874,346.51862
233,12957,384.4978
234,13023,344.73758
235,13089,319.10916
236,13153,345.56726
237,13223,344.63757
238,13268,226.70392
239,13356,437.58063
240,13431,372.89685
241,13498,350.97742
242,13563,296.5613
243,13694,656.07355
244,13755,307.59473
245,13833,384.84647
246,13900,284.27502
247,13987,467.3305
248,14083,502.12778
249,14185,552.8539
250,14261,358.79022
251,14353,421.19315
252,14400,245.66963
253,14468,378.78882
254,14540,394.67862
255,14599,312.06174
256,14669,373.0948
257,14733,347.45456
258,14791,309.90985
259,14870,428.4252
260,14926,302.83438
261,14992,345.55005
262,15055,319.06537
263,15113,319.23816
264,15165,279.4492
265,15238,381.90164
266,15303,346.97916
267,15384,395.788
268,15459,342.27426
269,15515,293.79083
270,15579,339.69147
271,15650,374.109
272,15749,463.3758
273,15837,466.4705
274,15922,439.28656
275,15999,408.29013
276,16081,426.81235
277,16148,360.9013
278,16217,357.3688
279,16271,288.52377
280,16339,290.40692
281,16398,316.75104
282,16461,340.1427
283,16541,431.7009
284,16610,368.56583
285,16675,352.8561
286,16743,366.79144
287,16802,319.79227
288,16865,341.84937
289,16920,295.7747
290,16994,403.21997
291,17056,341.14816
292,17133,414.02457
293,17204,378.41122
294,17262,308.958
295,17355,440.41248
296,17442,453.69598
297,17520,418.52853
298,17607,444.25208
299,17671,342.98874
300,17740,376.83493
301,17813,394.10947
302,17881,353.7257
303,17980,527.7144
304,18076,527.809
305,18156,413.6907
306,18223,358.9055
307,18293,390.54343
308,18354,332.5753
309,18416,351.5574
310,18472,315.37686
311,18526,298.72968
312,18577,288.1574
313,18659,451.95392
314,18742,441.13086
315,18852,566.69165
316,18923,376.43436
317,18992,340.81854
318,19044,278.8213
319,19108,348.3193
320,19225,601.79865
321,19294,374.06238
322,19410,619.2069
323,19494,450.40067
324,19570,334.40143
325,19658,422.69052
326,19753,503.75592
327,19886,694.2622
328,19995,526.8021
329,20068,394.28275
330,20136,353.78336
331,20202,303.86783
332,20268,286.11652
333,20355,441.1298
334,20428,378.69104
335,20518,399.35464
336,20634,594.573
337,20729,465.60092
338,20809,430.68347
339,20872,343.53894
340,20943,326.44785
341,21013,315.10822
342,21081,348.52905
343,21161,420.85406
344,21238,407.83463
345,21340,508.89096
346,21411,326.33612
347,21493,434.14517
348,21563,339.54388
349,21633,359.66946
350,21719,460.76218
351,21820,460.14423
352,21937,539.9586
353,22030,504.1045
354,22099,370.5731
355,22208,584.9788
356,22270,283.79852
357,22339,323.57214
358,22437,455.86038
359,22505,357.46442
360,22593,461.9756
361,22660,358.93033
362,22724,302.49405
363,22786,257.8632
364,22905,552.6072
365,22987,366.51984
366,23039,235.9525
367,23100,278.40396
368,23179,397.7708
369,23273,453.8363
370,23357,387.33286
371,23428,369.0083
372,23508,387.5966
373,23579,371.53885
374,23655,412.52667
375,23721,301.8379
376,23801,425.94614
377,23897,503.24265
378,23953,301.7435
379,24059,565.7618
380,24144,418.7946
381,24210,352.01593
382,24291,442.725
383,24371,428.45456
384,24464,497.73965
385,24531,353.16864
386,24601,356.32394
387,24680,424.22717
388,24770,462.97205
389,24865,450.2042
390,24963,525.2385
391,25056,498.61172
392,25127,313.7156
393,25203,401.7394
394,25293,464.68768
395,25368,397.5331
396,25470,531.54376
397,25551,367.31464
398,25656,505.54688
399,25729,390.33444
400,25805,385.53748
401,25873,353.7918
402,25968,489.42838
403,26049,399.59964
404,26150,473.48468
405,26223,381.59213
406,26293,366.57376
407,26399,497.6582
408,26492,464.18326
409,26571,413.23596
410,26712,655.10645
411,26810,481.11224
412,26886,401.6448
413,26951,335.64636
414,27030,418.48465
415,27165,673.6261
416,27236,379.4534
417,27305,354.82776
418,27380,389.93118
419,27471,452.63382
420,27559,472.58688
421,27631,385.016
422,27692,332.9513
423,27765,397.95712
424,27843,425.52814
425,27931,473.5418
426,28066,650.3711
427,28125,272.4238
428,28214,462.63034
429,28288,391.0084
430,28351,334.86823
431,28414,334.14056
432,28480,358.22263
433,28565,437.76553
434,28632,372.07385
435,28729,516.29834
436,28804,395.73093
437,28873,375.91916
438,28941,378.15097
439,29010,361.02963
440,29082,389.07306
441,29178,519.63257
442,29247,370.65866
443,29329,439.12274
444,29415,471.95203
445,29468,275.82117
446,29534,362.38452
447,29601,357.1696
448,29663,345.16837
449,29763,536.7561
450,29834,386.3897
451,29896,347.9051
452,30005,582.47034
453,30080,400.93613
454,30146,364.66382
455,30232,431.46426
456,30330,483.9476
457,30418,467.4229
458,30532,597.4476
459,30639,591.5837
460,30710,385.6232
461,30776,298.71524
462,30855,415.14682
463,30927,368.7757
464,31001,387.068
465,31071,306.1642
466,31161,473.468
467,31315,795.73206
468,31400,428.93454
469,31483,437.01877
470,31552,320.63275
471,31650,518.99854
472,31728,422.49017
473,31864,729.068
474,31980,605.55005
475,32065,455.073
476,32156,426.8345
477,32250,433.39975
478,32333,442.999
479,32489,766.8871
480,32598,527.2812
481,32665,309.75964
482,32753,474.19296
483,32843,437.06525
484,32929,427.05423
485,33061,689.2993
486,33152,490.80728
487,33237,425.41385
488,33311,392.62756
489,33380,381.3678
490,33473,501.6541
491,33572,477.40622
492,33673,517.6598
493,33759,458.3724
494,33853,445.0283
495,33921,365.89258
496,34018,507.97876
497,34090,384.16196
498,34161,374.25323
499,34273,528.2951
500,34387,606.65717
501,34462,407.5342
502,34551,452.9043
503,34654,506.49997
504,34757,517.08905
505,34824,288.72864
506,34925,453.37402
507,35007,365.8897
508,35110,555.5288
509,35178,360.93307
510,35258,408.38837
511,35378,628.70526
512,35459,348.51758
513,35553,515.47797
514,35624,379.38867
515,35702,371.17734
516,35775,332.63962
517,35848,390.0654
518,35910,327.22745
519,36017,555.6685
520,36090,389.3325
521,36161,381.94263
522,36263,556.4564
523,36335,379.3243
524,36429,506.5933
525,36528,545.4312
526,36680,750.2892
527,36781,537.49713
528,36861,395.56296
529,36962,519.9586
530,37059,503.1271
531,37148,478.1093
532,37235,458.18896
533,37334,484.04834
534,37421,480.32358
535,37498,417.15326
536,37574,391.10367
537,37639,302.51883
538,37760,653.8687
539,37855,451.42957
540,37908,278.0191
541,38006,522.3089
542,38078,355.09134
543,38148,385.43613
544,38223,411.3014
545,38300,417.4993
546,38397,530.90314
547,38477,378.1183
548,38544,354.49884
549,38615,339.33115
550,38716,548.3515
551,38816,492.68723
552,38902,474.76358
553,39043,697.97656
554,39154,573.11127
555,39336,922.0307
556,39415,415.5712
557,39486,385.1389
558,39558,381.31216
559,39667,535.2992
560,39738,380.89493
561,39811,358.5934
562,39876,331.8245
563,39948,376.5265
564,40035,409.8623
565,40108,403.49594
566,40192,449.7459
567,40279,468.77176
568,40385,571.47955
569,40444,315.80112
570,40530,393.21112
571,40610,398.6873
572,40744,643.2201
573,40824,386.9105
574,40918,492.645
575,41051,681.56506
576,41139,496.8909
577,41215,384.9128
578,41304,483.5349
579,41408,519.325
580,41478,377.97357
581,41564,456.58713
582,41641,420.20325
583,41726,454.37036
584,41805,431.31616
585,41875,364.7135
586,41951,413.2436
587,42048,508.69485
588,42171,606.7557
589,42287,547.8714
590,42357,379.28574
591,42428,377.19913
592,42483,297.22995
593,42583,539.0149
594,42663,432.2297
595,42753,496.1673
596,42872,627.0335
597,42953,430.4227
598,43010,290.20645
599,43101,456.5685
600,43200,457.72452
601,43318,528.17676
602,43434,624.117
603,43522,466.27817
604,43592,344.792
605,43724,655.48627
606,43885,817.14923
607,43949,351.6303
608,44040,458.7897
609,44124,428.47568
610,44227,490.58456
611,44314,451.69778
612,44402,476.86017
613,44481,356.84387
614,44566,452.38623
615,44691,642.87067
616,44797,477.76605
617,44899,497.35162
618,44977,417.06647
619,45039,319.81857
620,45138,466.97455
621,45297,761.1376
622,45397,501.35248
623,45501,503.9827
624,45562,321.2976
625,45633,385.8091
626,45748,539.99097
627,45849,488.84525
628,45936,457.03067
629,46000,356.0735
630,46121,606.6215
631,46193,358.05664
632,46286,479.42825
633,46358,374.7382
634,46448,466.30798
635,46526,407.56018
636,46611,438.39188
637,46702,490.0691
638,46822,586.61945
639,46893,378.3871
640,46978,452.88596
641,47106,692.86475
642,47190,426.27457
643,47289,508.10333
644,47386,510.18887
645,47467,423.01837
646,47551,448.64407
647,47634,457.3306
648,47715,409.42947
649,47820,528.1159
650,47921,497.90247
651,48008,409.3431
652,48163,738.3659
653,48257,487.8459
654,48356,476.33618
655,48565,989.5174
656,48667,493.70212
657,48763,495.21884
658,48863,475.96744
659,48976,597.3328
660,49100,557.6078
661,49166,305.41876
662,49256,421.56384
663,49363,470.91083
664,49446,436.71323
665,49528,361.67117
666,49611,436.76218
667,49698,374.67587
668,49811,583.9715
669,49917,467.07983
670,50014,499.52225
671,50076,340.08716
672,50175,496.81274
673,50257,449.84653
674,50354,524.54095
675,50470,621.6644
676,50553,448.19305
677,50620,351.12338
678,50735,616.1839
679,50807,396.4186
680,50901,428.1513
681,50970,372.6298
682,51039,367.00668
683,51121,454.2823
684,51202,431.71155
685,51269,364.75198
686,51344,399.45993
687,51424,438.01025
688,51509,471.64093
689,51565,284.95642
690,51677,615.49493
691,51746,381.50192
692,51862,605.7593
693,51978,558.7063
694,52048,382.01382
695,52165,554.6718
696,52246,449.6739
697,52317,370.78317
698,52444,669.6602
699,52542,467.20554
700,52666,664.4786
701,52739,395.04187
702,52811,395.79037
703,52958,768.94525
704,53028,335.14792
705,53174,790.4475
706,53256,362.3326
707,53329,344.3647
708,53403,386.0985
709,53502,470.23523
710,53642,776.545
711,53797,779.0963
712,53864,352.63065
713,53943,427.83182
714,54060,644.5625
715,54177,571.99316
716,54245,378.0466
717,54322,409.5437
718,54434,591.3636
719,54515,431.23044
720,54628,616.036
721,54701,393.82834
722,54777,414.57175
723,54848,351.36075
724,54962,625.3367
725,55052,491.74655
726,55123,383.7406
727,55285,776.54865
728,55431,719.6361
729,55534,503.75134
730,55625,478.24365
731,55757,680.01636
732,55932,913.36255
733,56009,375.3032
734,56089,428.81488
735,56173,426.5743
736,56284,600.1988
737,56379,468.52463
738,56476,461.9587
739,56613,725.9527
740,56686,405.55295
741,56764,370.74258
742,56843,428.78333
743,56955,561.56226
744,57062,564.1467
745,57168,523.1152
746,57288,630.9076
747,57358,360.36987
748,57440,408.7184
749,57535,495.00668
750,57678,764.1633
751,57758,430.19308
752,57912,773.6961
753,58020,507.69165
754,58105,410.66132
755,58246,706.4369
756,58349,571.85803
757,58440,472.7312
758,58564,608.4452
759,58679,559.3557
760,58761,394.4294
761,58838,400.13077
762,58945,571.8489
763,59036,453.43204
764,59138,555.8567
765,59326,978.60516
766,59429,494.7701
767,59539,528.9556
768,59659,561.0763
769,59735,352.61316
770,59830,502.94098
771,59929,496.70334
772,59986,281.49332
773,60070,419.6636
774,60206,640.9359
775,60298,495.45825
776,60365,335.5047
777,60442,425.54715
778,60535,495.21017
779,60637,502.3826
780,60756,591.45166
781,60877,613.59503
782,61009,652.7898
783,61093,402.2235
784,61176,426.13113
785,61275,499.46262
786,61355,363.6033
787,61478,570.9403
788,61562,411.94907
789,61653,441.8556
790,61784,608.4473
791,61878,410.9884
792,62030,733.57635
793,62129,483.1608
794,62232,519.31085
795,62344,553.99255
796,62437,419.9069
797,62522,402.43777
798,62641,604.68335
799,62812,872.35187
800,62944,642.855
801,63057,585.88104
802,63140,435.09866
803,63243,522.2868
804,63361,570.94055
805,63438,415.4767
806,63518,416.52628
807,63637,592.9444
808,63731,519.4742
809,63848,558.06757
810,63951,500.68628
811,64058,533.7684
812,64169,559.01044
813,64306,675.06805
814,64469,791.16974
815,64592,566.516
816,64688,523.65424
817,64770,410.15485
818,64852,450.57834
819,64942,434.77408
820,65105,772.97504
821,65253,778.507
822,65352,528.23645
823,65418,357.49728
824,65503,447.72894
825,65596,484.77356
826,65674,424.13544
827,65748,394.9199
828,65823,393.2097
829,65899,409.34323
830,65990,496.75192
831,66065,402.00812
832,66160,530.9229
833,66237,413.28595
834,66335,449.13315
835,66439,562.8047
836,66504,352.8376
837,66612,572.2603
838,66719,600.71893
839,66826,578.6652
840,66941,641.8741
841,67028,480.53055
842,67126,500.0981
843,67223,510.11108
844,67307,450.9236
845,67396,488.12595
846,67463,375.75314
847,67563,539.2836
848,67644,440.2529
849,67750,598.0246
850,67887,655.65405
851,67977,476.96317
852,68086,520.4978
853,68151,348.6731
854,68277,674.4619
855,68396,555.9223
856,68533,663.3464
857,68627,513.91113
858,68746,635.3209
859,68869,600.00903
860,68952,439.5732
861,69047,457.92786
862,69149,464.4419
863,69223,408.0428
864,69303,394.9974
865,69384,405.40488
866,69522,754.03705
867,69624,549.1265
868,69770,765.64624
869,69873,466.6664
870,69996,641.7841
871,70111,560.1385
872,70229,557.5967
873,70383,755.2986
874,70482,457.97247
875,70582,551.1075
876,70713,693.8591
877,70839,687.47925
878,70975,723.28687
879,71080,574.92224
880,71176,457.99405
881,71354,953.56354
882,71539,972.7154
883,71665,673.7593
884,71745,373.8664
885,71841,466.70877
886,71984,727.64905
887,72077,479.41678
888,72267,1015.61145
889,72347,382.66968
890,72445,518.94867
891,72559,600.1611
892,72633,382.9926
893,72742,501.45172
894,72851,484.0569
895,72936,468.3621
896,73031,528.4058
897,73126,525.1339
898,73258,730.62976
899,73507,1233.2963
900,73665,816.7977
901,73756,488.56418
902,73876,651.1112
903,74000,590.8078
904,74092,486.34836
905,74199,602.4362
906,74282,449.0593
907,74410,588.3481
908,74522,616.88324
909,74611,486.94446
910,74728,640.8979
911,74822,496.573
912,75004,970.1545
913,75138,658.51855
914,75307,821.2347
915,75413,565.21063
916,75520,571.1495
917,75649,681.8901
918,75766,542.1543
919,75878,563.533
920,75964,424.55783
921,76062,489.78983
922,76158,471.39505
923,76254,512.3486
924,76385,618.1276
925,76495,523.8254
926,76601,532.6681
927,76709,567.82275
928,76785,365.23325
929,76918,705.6456
930,77005,431.19742
931,77140,696.9319
932,77268,645.3628
933,77363,477.9424
934,77440,409.10217
935,77537,515.09784
936,77629,485.0858
937,77737,577.76544
938,77829,519.1538
939,77938,568.206
940,78042,518.5978
941,78143,512.15344
942,78239,489.57516
943,78321,422.7857
944,78449,660.88116
945,78602,749.22327
946,78803,1079.78
947,78925,567.8135
948,79019,511.83917
949,79111,488.8922
950,79231,644.53955
951,79346,614.5504
952,79505,834.4651
953,79591,471.13785
954,79739,809.7323
955,79868,647.2118
956,80081,1048.3077
957,80165,451.1402
958,80257,448.76373
959,80379,649.8283
960,80483,534.9991
961,80580,499.51785
962,80671,495.36264
963,80758,462.01276
964,80835,404.076
965,80923,437.7223
966,81014,475.182
967,81112,507.43048
968,81190,417.00632
969,81271,434.52087
970,81346,383.7151
971,81453,568.1009
972,81573,574.2533
973,81703,709.8247
974,81771,311.39117
975,81934,829.51
976,82029,463.07767
977,82129,517.3494
978,82192,310.1111
979,82269,412.3316
980,82363,475.40427
981,82478,630.8467
982,82626,790.62134
983,82812,963.43256
984,82916,517.8995
985,83051,715.972
986,83138,441.19763
987,83233,469.44458
988,83349,549.95166
989,83496,746.46515
990,83633,701.2564
991,83789,718.1417
992,83879,417.6037
993,83994,543.1918
994,84108,526.83997
995,84210,541.80664
996,84308,459.70218
997,84449,664.56885
998,84544,510.41913
999,84656,535.04895
1000,84761,561.9961
1001,84875,528.5813
1002,84961,416.03748
1003,85069,539.4216
1004,85255,990.5143
1005,85424,917.6507
1006,85542,579.1796
1007,85612,385.57428
1008,85763,774.8674
1009,85868,505.55026
1010,85968,451.66098
1011,86080,611.3909
1012,86228,772.45404
1013,86315,383.56076
1014,86431,521.7611
1015,86525,489.9319
1016,86663,733.5245
1017,86892,1163.2333
1018,87026,687.7771
1019,87134,580.84906
1020,87211,434.5566
1021,87299,443.39444
1022,87526,1115.214
1023,87630,504.09665
1024,87733,556.33655
1025,87834,459.2655
1026,87943,595.7102
1027,88046,485.5699
1028,88228,879.1142
1029,88319,463.2894
1030,88447,700.3273
1031,88595,786.0768
1032,88696,546.79224
1033,88890,1070.8546
1034,88973,392.70596
1035,89105,710.4458
1036,89213,514.3837
1037,89337,639.28546
1038,89420,402.26578
1039,89538,584.6754
1040,89626,414.19113
1041,89703,347.28876
1042,89860,875.73865
1043,89963,550.51166
1044,90070,561.598
1045,90181,610.5588
1046,90343,810.6982
1047,90478,721.81946
1048,90561,464.83948
1049,90652,489.2631
1050,90773,605.6617
1051,90894,626.8926
1052,90997,556.60706
1053,91121,654.0415
1054,91208,479.85794
1055,91305,503.56433
1056,91367,295.01212
1057,91534,865.0833
1058,91666,689.8553
1059,91771,543.38464
1060,91915,744.7127
1061,92002,474.75708
1062,92115,542.20624
1063,92213,497.79312
1064,92318,524.84827
1065,92382,355.47244
1066,92463,446.42297
1067,92570,606.1782
1068,92695,658.46857
1069,92769,412.1263
1070,92857,491.39334
1071,92950,514.24896
1072,93053,488.51968
1073,93142,488.96893
1074,93233,500.34256
1075,93325,426.0514
1076,93450,612.2681
1077,93625,912.6828
1078,93710,435.19257
1079,93823,614.0628
1080,93918,471.07443
1081,94017,550.5834
1082,94235,1124.0638
1083,94390,803.15857
1084,94528,715.28766
1085,94633,567.6782
1086,94747,583.389
1087,94855,533.4906
1088,94993,732.1356
1089,95137,773.45135
1090,95293,809.06775
1091,95409,611.30493
1092,95528,542.2991
1093,95643,551.4815
1094,95769,602.8552
1095,95919,690.82355
1096,96020,534.23785
1097,96214,1023.2496
1098,96356,772.74725
1099,96464,523.95386
1100,96568,478.0179
1101,96674,561.8512
1102,96841,832.3998
1103,96954,524.27814
1104,97076,580.4448
1105,97225,708.1781
1106,97324,473.77097
1107,97563,1242.5802
1108,97692,653.76294
1109,97816,655.3065
1110,97924,528.14056
1111,98022,446.05582
1112,98174,789.6693
1113,98277,522.31464
1114,98384,586.5012
1115,98560,896.0382
1116,98680,562.18005
1117,98853,914.21405
1118,98960,594.7036
1119,99086,629.4355
1120,99175,483.89316
1121,99261,399.09158
1122,99416,819.2546
1123,99517,559.3507
1124,99640,626.4589
1125,99763,659.7731
1126,99888,670.94836
1127,100025,714.05835
1128,100187,807.3995
1129,100284,530.5484
1130,100498,1112.9683
1131,100617,613.5952
1132,100788,881.0372
1133,100918,560.36365
1134,101061,707.72675
1135,101190,630.98486
1136,101293,553.48474
1137,101425,690.1071
1138,101525,541.05994
1139,101599,401.47217
1140,101811,1084.5792
1141,101905,503.20557
1142,102060,815.36053
1143,102190,693.2142
1144,102359,856.83954
1145,102590,1217.8844
1146,102852,1350.6019
1147,102979,643.3435
1148,103125,783.661
1149,103331,1087.6707
1150,103475,747.5701
1151,103579,481.695
1152,103781,1085.3984
1153,103868,458.57834
1154,103994,661.7628
1155,104101,528.0975
1156,104212,559.78326
1157,104453,1281.2206
1158,104695,1278.4039
1159,104899,1067.3204
1160,105040,739.33136
1161,105148,496.99973
1162,105354,1060.8894
1163,105556,1009.4341
1164,105801,1284.2073
1165,105895,496.13623
1166,106006,600.1522
1167,106197,1059.4868
1168,106382,956.707
1169,106555,931.7825
1170,106724,913.41425
1171,106891,875.17914
1172,107054,861.2433
1173,107271,1142.2151
1174,107510,1244.9521
1175,107626,624.6306
1176,107792,828.0804
1177,107983,1062.3945
1178,108071,484.4402
1179,108148,372.3758
1180,108319,935.07104
1181,108426,556.3964
1182,108562,722.7727
1183,108694,676.1716
1184,108836,774.91223
1185,108991,833.8629
1186,109142,821.6772
1187,109299,743.2253
1188,109459,864.891
1189,109580,630.314
1190,109705,678.5347
1191,109825,624.38916
1192,109945,637.2661
1193,110051,549.97424
1194,110214,868.87787
1195,110328,586.72174
1196,110455,663.1001
1197,110687,1168.0297
1198,110884,991.9846
1199,111065,956.32874
1200,111248,865.5999
1201,111444,1044.9415
1202,111718,1394.3796
1203,111834,611.4012
1204,111950,616.3143
1205,112239,1493.0884
1206,112361,581.1958
1207,112583,1064.6968
1208,112754,912.93805
1209,112886,616.66486
1210,113037,782.6696
1211,113133,470.1079
1212,113250,542.0709
1213,113429,945.0467
1214,113612,961.3823
1215,113866,1331.4349
1216,114053,979.2027
1217,114311,1247.7448
1218,114513,1117.6006
1219,114675,832.1941
1220,114797,661.9657
1221,114883,404.884
1222,115093,1105.8445
1223,115241,808.0179
1224,115382,773.78735
1225,115491,490.85028
1226,115635,711.7588
1227,115759,639.97345
1228,115859,546.4059
1229,116048,996.15094
1230,116170,553.97125
1231,116380,1081.1783
1232,116605,1144.6556
1233,116754,747.4987
1234,116882,683.1788
1235,117000,544.2291
1236,117132,701.1531
1237,117255,648.70483
1238,117383,597.1439
1239,117552,868.7185
1240,117799,1279.3556
1241,117962,864.5818
1242,118160,1062.3329
1243,118316,756.43964
1244,118494,920.09485
1245,118620,623.19934
1246,118700,398.32718
1247,118794,445.65866
1248,118918,544.2644
1249,119063,734.33704
1250,119209,655.27484
1251,119353,685.5998
1252,119502,781.94666
1253,119686,946.2131
1254,119845,807.81213
1255,120039,911.37537
1256,120152,614.7809
1257,120307,826.6941
1258,120441,722.4099
1259,120578,714.89575
1260,120724,739.16046
1261,120855,706.70154
1262,121042,893.9197
1263,121142,522.57886
1264,121316,906.6082
1265,121478,832.8913
1266,121644,867.77844
1267,121846,1024.4182
1268,121975,657.2453
1269,122097,639.6408
1270,122199,464.21014
1271,122481,1422.1027
1272,122588,567.27814
1273,122687,517.24164
1274,122800,573.7377
1275,122947,730.13367
1276,123054,489.55542
1277,123201,744.79694
1278,123362,771.6592
1279,123463,484.37564
1280,123603,669.2793
1281,123836,1228.4227
1282,124019,949.98004
1283,124116,532.4886
1284,124226,579.2635
1285,124356,665.7396
1286,124468,598.2142
1287,124643,933.1395
1288,124790,789.49445
1289,124977,967.5948
1290,125092,531.377
1291,125306,1111.6477
1292,125412,516.9978
1293,125613,1055.4274
1294,125866,1269.2972
1295,126119,1211.003
1296,126279,794.871
1297,126436,842.0333
1298,126690,1217.1477
1299,126829,725.5342
1300,127061,1222.9971
1301,127275,1124.4844
1302,127395,605.46295
1303,127504,583.9297
1304,127633,675.41437
1305,127758,637.2938
1306,127863,528.7501
1307,128048,981.4345
1308,128201,774.4516
1309,128492,1476.8772
1310,128705,1031.8298
1311,128876,800.92926
1312,129049,811.2455
1313,129181,629.54706
1314,129357,953.1573
1315,129532,922.92834
1316,129637,524.18884
1317,129826,920.63513
1318,129994,857.1548
1319,130187,931.8782
1320,130408,1196.394
1321,130580,907.68616
1322,130698,559.86316
1323,130813,598.80896
1324,131023,1073.6995
1325,131147,604.4095
1326,131238,487.36954
1327,131635,1959.9949
1328,131802,880.0395
1329,131985,958.74567
1330,132111,654.1264
1331,132389,1413.813
1332,132545,775.21326
1333,132722,899.2096
1334,133110,2001.5127
1335,133229,553.98987
1336,133374,790.7067
1337,133592,1110.3444
1338,133736,736.76276
1339,133913,825.07715
1340,134057,659.46375
1341,134207,696.8756
1342,134406,919.77875
1343,134560,804.2046
1344,134747,842.6244
1345,134892,724.3762
1346,134972,350.7822
1347,135181,965.61896
1348,135399,1014.39343
1349,135548,744.15216
1350,135772,1130.7428
1351,135909,637.2805
1352,136003,442.7889
1353,136196,902.0664
1354,136471,1414.2361
1355,136604,704.9576
1356,136800,1028.7308
1357,136905,473.36038
1358,136995,490.6121
1359,137077,430.05325
1360,137235,785.6394
1361,137369,676.7653
1362,137575,985.9667
1363,137729,788.0529
1364,137913,918.759
1365,138053,626.2049
1366,138259,1069.0109
1367,138352,425.6757
1368,138532,894.2274
1369,138666,676.4669
1370,138765,460.2674
1371,138895,687.56793
1372,139029,682.1399
1373,139170,734.27856
1374,139331,861.0486
1375,139482,781.005
1376,139741,1314.7561
1377,140004,1365.4224
1378,140215,1076.8301
1379,140329,568.71704
1380,140461,694.4508
1381,140622,761.9539
1382,140764,747.6739
1383,140940,916.5827
1384,141154,1130.24
1385,141284,705.97437
1386,141471,974.4765
1387,141682,1071.3716
1388,141775,429.2474
1389,142037,1355.6703
1390,142225,887.3042
1391,142409,912.7915
1392,142582,915.0848
1393,142833,1352.004
1394,142955,649.88727
1395,143229,1436.1702
1396,143353,577.0052
1397,143501,753.0144
1398,143739,1248.8175
1399,144000,1295.2583
1400,144219,1119.3983
1401,144473,1355.7299
1402,144619,809.5389
1403,144737,571.7026
1404,145003,1392.6702
1405,145112,486.18906
1406,145329,1125.944
1407,145485,742.21655
1408,145660,825.9274
1409,145969,1587.619
1410,146192,1134.5275
1411,146321,689.12756
1412,146682,1838.1199
1413,146839,783.56683
1414,147044,1065.5747
1415,147246,1032.8834
1416,147488,1189.7338
1417,147656,866.33026
1418,147730,338.28656
1419,148197,2291.9177
1420,148307,578.60645
1421,148551,1277.6039
1422,148819,1370.6577
1423,148927,583.01355
1424,149018,444.0269
1425,149252,1125.4983
1426,149406,789.6644
1427,149659,1307.9237
1428,149793,708.0632
1429,149914,652.7449
1430,150224,1566.417
1431,150375,774.462
1432,150619,1251.5378
1433,150792,862.8654
1434,150997,1025.0828
1435,151178,934.3888
1436,151318,714.5999
1437,151586,1370.4279
1438,151787,888.32684
1439,151942,822.6508
1440,152233,1498.2834
1441,152332,541.4268
1442,152671,1744.9395
1443,152857,981.39105
1444,152984,668.3454
1445,153097,572.35956
1446,153207,572.0285
1447,153475,1341.5668
1448,153605,701.25476
1449,153773,877.928
1450,153944,901.0654
1451,154178,1216.5536
1452,154339,869.64655
1453,154527,995.54987
1454,154691,880.4116
1455,155054,1900.883
1456,155281,1156.3989
1457,155541,1345.8611
1458,155744,1052.7281
1459,155877,611.557
1460,156124,1192.3741
1461,156447,1687.1665
1462,156662,1115.1759
1463,156909,1284.7943
1464,157046,732.0375
1465,157369,1674.5237
1466,157501,689.8242
1467,157813,1629.9185
1468,158063,1287.1256
1469,158301,1227.9415
1470,158471,886.99176
1471,158661,863.0198
1472,158809,780.65497
1473,159169,1832.8601
1474,159420,1342.1005
1475,159648,1088.0125
1476,159871,1083.2318
1477,160077,1070.9492
1478,160457,1924.8403
1479,160542,456.23032
1480,160771,1120.3369
1481,160944,916.34924
1482,161146,1059.4829
1483,161338,1004.90656
1484,161507,795.43005
1485,161659,769.1716
1486,161907,1285.1738
1487,162335,2148.9302
1488,162563,1215.0104
1489,162708,782.0116
1490,162884,811.92145
1491,163103,1165.238
1492,163483,1902.3586
1493,163622,668.4979
1494,163973,1781.6959
1495,164190,1140.2426
1496,164331,730.107
1497,164491,741.4055
1498,164609,533.8833
1499,164839,1161.0605
1500,164947,527.08704
1501,165100,784.4196
1502,165260,772.2035
1503,165487,1190.1876
1504,165727,1232.4911
1505,165921,1018.1222
1506,166121,1078.4935
1507,166271,818.9142
1508,166447,911.2614
1509,166726,1431.4507
1510,166861,710.16437
1511,167077,1026.8755
1512,167265,994.6008
1513,167481,1102.7166
1514,167656,858.6302
1515,167971,1631.5912
1516,168176,1034.596
1517,168461,1422.471
1518,168603,761.3508
1519,168799,996.8084
1520,168953,799.14606
1521,169190,1161.6296
1522,169348,853.16296
1523,169542,1011.98145
1524,169650,518.7031
1525,169885,1208.1564
1526,170099,1089.8636
1527,170300,1046.7692
1528,170583,1414.4495
1529,170842,1377.4591
1530,171139,1492.69
1531,171316,934.14496
1532,171670,1847.6938
1533,171887,1136.7593
1534,172109,1171.6547
1535,172463,1853.6439
1536,172738,1436.7776
1537,173042,1521.6322
1538,173236,988.91187
1539,173419,890.221
1540,173565,800.11957
1541,173818,1286.1458
1542,173999,895.0158
1543,174159,881.5769
1544,174337,836.4558
1545,174661,1662.6068
1546,174893,1220.2183
1547,175090,1046.3837
1548,175338,1266.3766
1549,175718,1959.132
1550,175941,1178.4381
1551,176121,958.4535
1552,176350,1161.956
1553,176478,640.13654
1554,176761,1341.149
1555,177221,2366.306
1556,177433,1117.7695
1557,177626,1078.3391
1558,177815,1000.28925
1559,178164,1902.7399
1560,178732,2870.168
1561,178963,1174.2512
1562,179130,833.16077
1563,179209,423.47855
1564,179342,642.9085
1565,179439,524.13696
1566,179700,1382.3977
1567,180019,1683.0415
1568,180394,1943.3136
1569,180524,690.7783
1570,180856,1686.6526
1571,181065,1060.5223
1572,181364,1500.8635
1573,181561,1032.5781
1574,181858,1539.6667
1575,182012,787.6985
1576,182239,1117.8392
1577,182505,1386.6855
1578,182695,986.0557
1579,182809,543.3465
1580,182990,851.0474
1581,183181,1006.928
1582,183335,722.26385
1583,183519,898.19794
1584,183754,1238.0912
1585,183963,1065.6752
1586,184137,893.3198
1587,184397,1384.217
1588,184613,1109.6748
1589,184780,830.6467
1590,184904,562.4211
1591,185057,780.55035
1592,185290,1194.0182
1593,185470,967.13794
1594,185696,1142.0173
1595,186004,1556.8003
1596,186176,803.5486
1597,186456,1443.4102
1598,186677,1190.0264
1599,186789,611.7345
1600,187118,1689.2642
1601,187387,1420.7314
1602,187546,754.72003
1603,187878,1808.5576
1604,187956,368.52814
1605,188287,1761.1812
1606,188692,2043.1232
1607,188946,1287.5635
1608,189175,1197.8252
1609,189421,1297.6649
1610,189875,2351.6592
1611,190263,1917.1694
1612,190609,1771.6738
1613,190771,850.90643
1614,190922,791.76013
1615,191122,1023.119
1616,191314,1013.24146
1617,191408,472.29446
1618,191637,1237.8981
1619,191722,407.94827
1620,191890,878.9896
1621,192003,602.3349
1622,192188,939.06024
1623,192505,1763.5168
1624,192741,1237.1207
1625,192986,1236.7124
1626,193103,568.0879
1627,193318,1105.2156
1628,193498,926.00543
1629,193662,790.45905
1630,193869,1064.9681
1631,194228,1859.0433
1632,194329,529.47217
1633,194571,1299.9834
1634,194691,625.7841
1635,194878,1003.83826
1636,195410,2754.7922
1637,195613,1081.8395
1638,195922,1611.6378
1639,196131,1080.1764
1640,196283,856.61176
1641,196406,648.15515
1642,196677,1451.2821
1643,196773,521.9085
1644,197015,1319.3424
1645,197211,911.9064
1646,197474,1420.996
1647,197826,1778.4854
1648,197991,867.4564
1649,198100,576.27844
1650,198308,1108.8794
1651,198541,1177.0205
1652,198667,656.81287
1653,198867,1047.4247
1654,199085,1139.5104
1655,199296,1047.8083
1656,199557,1342.3224
1657,199870,1640.3472
1658,200117,1283.91
1659,200239,553.11127
1660,200471,1208.588
1661,200709,1224.6342
1662,201525,4241.696
1663,201820,1532.4933
1664,202451,3150.1975
1665,202685,1231.2269
1666,202775,457.47607
1667,203308,2763.2302
1668,203604,1488.8506
1669,204243,3305.135
1670,204656,2107.0825
1671,204999,1776.8867
1672,205363,1951.426
1673,205535,926.865
1674,205777,1288.7238
1675,205992,1107.5734
1676,206290,1547.3551
1677,206486,980.65485
1678,206922,2247.8416
1679,207224,1536.8219
1680,207364,648.6311
1681,207761,2113.3235
1682,208072,1630.9828
1683,208320,1227.1389
1684,208599,1473.7922
1685,208831,1220.9818
1686,209052,1175.9517
1687,209435,1952.7432
1688,209784,1823.7865
1689,210426,3368.465
1690,210553,655.2664
1691,210670,661.2279
1692,210955,1471.9583
1693,211668,3756.391
1694,211810,727.13446
1695,212048,1220.7612
1696,212217,916.73773
1697,212629,2179.3164
1698,213320,3566.5166
1699,213624,1589.7277
1700,213978,1893.1316
1701,214202,1116.021
1702,214482,1413.3419
1703,214611,700.10956
1704,214912,1585.0624
1705,215078,864.046
1706,215348,1416.0873
1707,215615,1365.6572
1708,215783,792.9936
1709,216014,1240.3163
1710,216261,1232.8833
1711,216437,917.7736
1712,216611,863.03925
1713,216987,1866.9258
1714,217160,936.904
1715,217269,581.71173
1716,217804,2690.6855
1717,218561,3905.4626
1718,218710,801.62756
1719,218989,1398.1216
1720,219728,3756.3232
1721,219905,947.77057
1722,220160,1229.6965
1723,220467,1615.5637
1724,220921,2311.8848
1725,221590,3375.3687
1726,221832,1294.1877
1727,222296,2277.0398
1728,222538,1198.4205
1729,222884,1724.2327
1730,223800,4767.631
1731,223958,836.27386
1732,224833,4524.999
1733,225833,4979.6597
1734,226346,2637.3794
1735,227346,5164.798
1736,227572,1117.0907
1737,227915,1662.2462
1738,228580,3413.6045
1739,229016,2115.7632
1740,229431,2087.7378
1741,229804,1909.5249
1742,230219,2133.7024
1743,230711,2474.1125
1744,231058,1743.4164
1745,231851,4045.431
1746,232081,1231.037
1747,233052,4815.399
1748,233243,1018.7868
1749,234000,3853.4912
1750,234808,4094.4998
1751,235246,2135.8289
1752,235359,546.22314
1753,235898,2681.5078
1754,236898,5075.8115
1755,237130,1226.5333
1756,237589,2375.5225
1757,238589,5037.172
1758,238937,1796.1497
1759,239630,3551.625
1760,240630,5012.138
1761,241191,2877.6335
1762,241636,2304.818
1763,241859,1171.7534
1764,242169,1613.0645
1765,242455,1464.08
1766,243267,4107.8955
1767,243585,1661.3054
1768,243737,774.2604
1769,244014,1444.2256
1770,244087,389.70078
1771,244484,2042.101
1772,244749,1316.3411
1773,245171,2200.6003
1774,245597,2185.6133
1775,245822,1095.651
1776,246421,3133.0586
1777,246767,1776.4855
1778,247167,2098.3303
1779,247377,1012.8142
1780,248106,3776.7844
1781,248580,2475.1926
1782,248897,1578.1113
1783,249032,724.4838
1784,249642,3189.794
1785,250320,3531.1152
1786,250522,987.552
1787,251059,2802.5151
1788,251376,1566.956
1789,251738,1821.8364
1790,252108,1892.0123
1791,252329,1033.7324
1792,252597,1364.2572
1793,253107,2600.506
1794,254107,5063.1562
1795,254750,3354.9253
1796,255511,3838.3398
1797,256112,2993.274
1798,256692,2980.624
1799,256877,940.4212
1800,257217,1789.616
1801,257466,1281.2579
1802,257669,1021.846
1803,258031,1871.9128
1804,258519,2390.177
1805,258846,1704.5642
1806,259622,4033.876
1807,260230,3151.4326
1808,260459,1147.2015
1809,260694,1190.9565
1810,261153,2409.3677
1811,261689,2806.9688
1812,261957,1357.3948
1813,262070,588.6241
1814,262517,2235.228
1815,262743,1082.4257
1816,262911,837.5968
1817,263311,2084.5916
1818,263552,1281.7849
1819,263732,967.0005
1820,263925,1031.8611
1821,264349,2209.6877
1822,264501,777.82654
1823,264895,2088.7566
1824,265097,1044.3691
1825,265341,1290.413
1826,265796,2454.9448
1827,266111,1661.0142
1828,267099,5155.5757
1829,267639,2874.9253
1830,268121,2468.2861
1831,268909,4122.0737
1832,269563,3348.004
1833,270563,5232.262
1834,270930,1920.0759
1835,271239,1559.2521
1836,271890,3405.4163
1837,272212,1674.7264
1838,272361,796.9457
1839,272683,1689.8026
1840,273012,1673.0719
1841,273744,3723.8137
1842,274064,1749.4839
1843,274421,1852.7305
1844,274567,761.70764
1845,275101,2763.084
1846,275325,1061.5394
1847,275513,927.0342
1848,275852,1719.5046
1849,276349,2428.9578
1850,277072,3749.8499
1851,277463,2020.8357
1852,277645,940.37933
1853,278581,4820.83
1854,279143,2898.0469
1855,279860,3778.0076
1856,280395,2694.3945
1857,281395,5092.1587
1858,281561,780.7609
1859,282332,3979.9485
1860,283083,3890.9758
1861,284083,5217.459
1862,285083,5232.3223
1863,285642,2985.4895
1864,286642,5235.1953
1865,287642,5171.861
1866,288418,4076.13
1867,288676,1354.7666
1868,288975,1534.0693
1869,289141,883.3026
1870,290141,5155.41
1871,290519,1996.1282
1872,291519,5097.3257
1873,291987,2496.0046
1874,292987,5181.342
1875,293283,1606.2535
1876,294283,5193.8857
1877,295066,4097.8984
1878,295318,1317.6554
1879,296318,5234.6973
1880,296744,2211.8828
1881,297301,2782.9597
1882,298057,3954.5361
1883,299057,5147.637
1884,300057,5168.1235
1885,300781,3719.1123
1886,301781,5199.808
1887,301964,939.4244
1888,302700,3758.638
1889,303655,4991.0146
1890,304322,3515.4707
1891,304601,1462.0797
1892,305511,4583.6353
1893,305782,1433.9178
1894,306466,3635.7053
1895,307466,5129.9062
1896,308466,5164.2344
1897,308792,1718.5054
1898,309792,5094.8516
1899,310412,3244.2302
1900,310884,2425.2825
1901,311884,5080.053
1902,312366,2572.7224
1903,312841,2522.7947
1904,313048,1100.431
1905,314048,5212.4224
1906,315048,5055.6113
1907,315256,983.3035
1908,316256,5229.22
1909,316845,3111.79
1910,317541,3479.1648
1911,318541,5241.835
1912,319541,5183.934
1913,320541,5201.1377
1914,320931,1945.1909
1915,321207,1309.3439
1916,321584,1992.4437
1917,321945,1915.9325
1918,322337,2085.651
1919,323337,5179.71
1920,323790,2358.2183
1921,324790,5208.831
1922,325790,5140.596
1923,326790,5191.6963
1924,327790,5133.215
1925,328790,5197.3716
1926,329705,4806.9365
1927,330705,5161.3237
1928,331705,5161.31
1929,332705,5231.725
1930,333100,2073.3289
1931,334064,4963.381
1932,334482,2165.0996
1933,335402,4587.7627
1934,336402,5046.503
1935,336853,2381.3772
1936,337054,1085.0056
1937,338054,5232.416
1938,339054,5266.842
1939,340054,5156.809
1940,341054,5179.056
1941,342054,5190.5146
1942,342339,1538.9102
1943,342690,1725.9938
1944,342964,1347.4587
1945,343782,4257.3247
1946,344216,2291.5027
1947,345216,5224.586
1948,345766,2844.288
1949,346000,1162.2255
1950,346282,1459.2518
1951,347282,5154.6
1952,348282,5217.5737
1953,349282,5071.1934
1954,349613,1738.6462
1955,350613,5285.3286
1956,351368,3773.1802
1957,352368,5194.485
1958,353243,4590.3604
1959,354148,4728.002
1960,355148,5171.681
1961,355485,1757.5725
1962,355831,1775.2188
1963,356254,2085.52
1964,357254,5175.6113
1965,358254,5070.337
1966,358507,1309.2112
1967,359507,5207.976
1968,359815,1645.5883
1969,360815,5197.963
1970,360899,482.6349
1971,361899,5192.329
1972,362807,4673.677
1973,363807,5022.241
1974,364214,2153.2576
1975,364904,3470.8567
1976,365904,5132.4727
1977,366697,4009.2202
1978,367636,4793.3384
1979,368067,2234.6484
1980,368435,1941.1702
1981,369435,5188.4185
1982,369824,2035.525
1983,370824,5238.146
1984,371333,2723.0618
1985,371534,1103.2863
1986,372340,4264.587
1987,372612,1416.7114
1988,373612,5202.553
1989,373791,971.2006
1990,374791,5169.0376
1991,375791,5170.4897
1992,376062,1428.2716
1993,376599,2813.1443
1994,377599,5129.739
1995,378599,5194.5483
1996,378762,824.9962
1997,379762,5129.952
1998,380762,5192.2446
1999,381038,1365.7522
2000,382038,5100.524
2001,383038,5072.8394
2002,384038,5165.043
2003,385038,5039.9644
2004,386038,5190.073
2005,387038,5201.1216
2006,387467,2208.0562
2007,388333,4519.9385
2008,389195,4488.5054
2009,390195,5102.6924
2010,390956,3872.5352
2011,391956,5124.6216
2012,392956,4987.326
2013,393700,3873.2676
2014,394700,5003.3174
2015,395700,5092.534
2016,396700,5175.8506
2017,397608,4660.748
2018,398608,5129.5605
2019,398697,465.92108
2020,399697,5170.1577
2021,400697,5185.713
2022,401697,5093.631
2023,402697,5260.03
2024,403216,2715.1138
2025,404216,5277.267
2026,405216,5056.95
2027,405492,1419.0216
2028,405824,1746.4517
2029,406824,5164.169
2030,407502,3472.7898
2031,408502,5188.561
2032,409502,5181.71
2033,410502,5222.8145
2034,411502,5217.7285
2035,412502,5242.256
2036,413502,5242.243
2037,414212,3644.0264
2038,415212,5215.7695
2039,416212,5283.042
2040,417212,5199.9062
2041,417882,3559.053
2042,418081,987.08685
2043,419081,5343.0044
2044,419677,3180.5125
2045,420677,5265.6064
2046,421677,5230.128
2047,422677,5254.638
2048,423677,5332.8667
2049,424207,2772.3962
2050,425207,5250.3965
2051,426207,5317.376
2052,427207,5210.0776
2053,428207,5242.5234
2054,429207,5236.5376
2055,429862,3411.5376
2056,430862,5240.2246
2057,431862,5226.3774
2058,432862,5278.905
2059,433862,5237.603
2060,434862,5308.6123
2061,435862,5298.6953
2062,436763,4809.121
2063,437763,5233.467
2064,438763,5170.843
2065,439763,5273.7104
2066,440454,3649.957
2067,441454,5257.3433
2068,442454,5183.661
2069,443454,5153.886
2070,444454,5175.9434
2071,445011,2924.3674
2072,446011,5212.94
2073,446417,2000.4241
2074,447417,5076.2217
2075,448417,5094.9985
2076,449332,4734.2793
2077,450332,5180.651
2078,450517,848.8373
2079,451517,5278.883
2080,452517,5138.528
2081,453517,5241.1265
2082,454517,5251.7593
2083,455517,5107.1987
2084,456437,4689.2676
2085,457437,4997.3984
2086,457574,622.67633
2087,457693,535.5544
2088,458693,5170.836
2089,459693,5025.0513
2090,460693,5077.4014
2091,461693,5157.4
2092,461869,857.9991
2093,461981,534.1049
2094,462785,4303.81
2095,463015,1106.4276
2096,464015,5257.462
2097,465015,5184.8423
2098,466015,5126.7334
2099,467015,5279.6914
2100,468015,5227.929
2101,469015,5263.1104
2102,470015,5179.8003
2103,471015,5204.3706
2104,471109,497.02545
2105,472109,5314.2607
2106,473109,5397.1274
2107,474109,5274.3438
2108,474699,3127.8062
2109,475699,5361.8853
2110,476699,5298.1133
2111,477699,5209.985
2112,478699,5270.613
2113,479403,3659.0217
2114,480403,5249.227
2115,481403,5309.6294
2116,482403,5233.8145
2117,483403,5343.485
2118,484403,5078.1904
2119,485403,5365.522
2120,486403,5223.034
2121,487403,5181.494
2122,488403,5273.651
2123,489403,5405.7495
2124,490403,5356.0947
2125,491403,5313.0596
2126,492403,5318.381
2127,493403,5258.248
2128,494403,5300.282
2129,495403,5317.7383
2130,496403,5355.064
2131,496528,696.6193
2132,497528,5220.4985
2133,497938,2025.326
2134,498893,5098.7495
2135,499893,5307.213
2136,500893,5236.801
2137,501893,5325.03
2138,502893,5284.428
2139,503760,4604.049
2140,504760,5190.6904
2141,505760,5397.9326
2142,506760,5400.1333
2143,507760,5300.9155
2144,508760,5348.959
2145,509760,5352.818
2146,510760,5293.79
2147,511362,3199.882
2148,512362,5283.9136
2149,513362,5192.688
2150,514362,5360.155
2151,515362,5351.648
2152,516362,5297.359
2153,517362,5314.8394
2154,517825,2411.8079
2155,518825,5365.6895
2156,519205,2063.392
2157,520205,5274.764
2158,521205,5346.4683
2159,522205,5368.591
2160,523205,5329.3696
2161,523461,1249.045
2162,524461,5173.8345
2163,525461,5175.822
2164,526461,5244.555
2165,527461,5341.105
2166,528461,5188.854
2167,529211,3903.3113
2168,530211,5077.2812
2169,531211,5230.886
2170,532211,5116.5703
2171,532365,745.5448
2172,533365,5278.153
2173,534365,5285.0693
2174,535365,5389.232
2175,536365,5171.872
2176,537365,5263.698
2177,538365,5188.1133
2178,539365,5184.328
2179,540365,5348.104
2180,541365,5341.4023
2181,542365,5127.5127
2182,543365,5215.4673
2183,544365,5307.0254
2184,545365,5303.9224
2185,546365,5202.481
2186,547365,5226.387
2187,548365,5198.827
2188,549365,5270.5005
2189,550365,5308.1772
2190,551365,5277.69
2191,552365,5045.9155
2192,553365,5373.866
2193,554365,5248.903
2194,555365,5234.7754
2195,555949,3078.3914
2196,556211,1334.7634
2197,557211,5204.19
2198,557485,1417.4326
2199,558485,5353.0435
2200,558864,2022.7316
2201,559134,1378.2708
2202,560134,5287.9126
2203,561134,5306.2773
2204,562134,5344.116
2205,563134,5249.4404
2206,564134,5343.964
2207,565134,5388.699
2208,566134,5290.282
2209,567134,5343.503
2210,568134,5380.712
2211,569134,5366.3247
2212,570134,5352.1836
2213,571134,5379.018
2214,572134,5335.8047
2215,573134,5360.029
2216,574134,5241.3525
2217,575134,5344.8604
2218,576134,5258.5073
2219,577134,5257.4575
2220,578134,5322.0405
2221,578376,1282.8605
2222,579376,5357.035
2223,580376,5323.5947
2224,581376,5212.622
2225,582376,5342.6226
2226,583376,5394.411
2227,584376,5300.2427
2228,585376,5264.436
2229,586376,5262.75
2230,587376,5302.3906
2231,588376,5342.5186
2232,589263,4682.2183
2233,590263,5164.3135
2234,591263,5361.973
2235,592263,5328.361
2236,593263,5271.3276
2237,593711,2328.7747
2238,594711,5353.2783
2239,595711,5262.2812
2240,596711,5371.413
2241,597035,1651.8594
2242,598035,5340.091
2243,599035,5263.8643
2244,600035,5259.4033
2245,601035,5346.032
2246,602035,5264.3516
2247,603035,5348.979
2248,604035,5401.381
2249,605035,5337.992
2250,606035,5400.6987
2251,607035,5293.422
2252,608035,5192.426
2253,609035,5449.7524
2254,610035,5223.734
2255,611035,5374.905
2256,612035,5254.725
2257,613035,5338.1357
2258,614035,5349.436
2259,615035,5349.112
2260,616035,5371.417
2261,616802,4109.5054
2262,617066,1402.522
2263,618066,5368.335
2264,619066,5328.77
2265,620066,5169.7866
2266,621066,5231.395
2267,622066,5280.1284
2268,623066,5400.6226
2269,624066,5410.9375
2270,625066,5251.5845
2271,626066,5274.0513
2272,627066,5303.402
2273,628066,5367.394
2274,629066,5369.106
2275,630066,5048.7534
2276,631066,5378.3257
2277,632066,5336.8247
2278,633066,5287.688
2279,634066,5286.4185
2280,635066,5289.401
2281,636066,5324.1924
2282,637066,5414.877
2283,638066,5433.75
2284,639066,5385.0137
2285,640066,5432.7324
2286,641066,5431.4487
2287,642066,5362.9307
2288,643066,5302.32
2289,643341,1460.1438
2290,644341,5472.8325
2291,645341,5380.7344
2292,646243,4901.75
2293,647243,5379.52
2294,648243,5325.497
2295,649243,5406.324
2296,650243,5344.4507
2297,651243,5365.517
2298,652243,5396.7383
2299,653243,5287.172
2300,654243,5369.1265
2301,655243,5366.435
2302,656243,5350.07
2303,657243,5422.417
2304,658243,5230.7007
2305,659243,5368.0547
2306,660237,5343.917
2307,660411,923.7426
2308,661411,5361.7383
2309,662411,5287.2046
2310,663146,3899.4348
2311,664146,5340.923
2312,665146,5362.772
2313,666146,5343.1206
2314,667146,5322.217
2315,668146,5281.161
2316,669146,5345.6035
2317,670146,5304.6836
2318,671146,5361.2803
2319,672146,5294.531
2320,673146,5247.6616
2321,674146,5234.1367
2322,675146,5252.8267
2323,676146,5324.631
2324,677146,5328.2104
2325,678146,5344.432
2326,679146,5354.598
2327,680146,5410.5137
2328,681146,5473.022
2329,681343,1061.7848
2330,682343,5352.5044
2331,683343,5385.945
2332,684343,5326.459
2333,685343,5330.4663
2334,686343,5251.334
2335,687343,5293.492
2336,688343,5350.754
2337,689343,5362.753
2338,690343,5334.0312
2339,691343,5338.5317
2340,692343,5394.354
2341,693343,5410.855
2342,694343,5380.201
2343,695343,5429.7603
2344,696183,4524.163
2345,697183,5277.253
2346,698183,5419.303
2347,699183,5439.404
